<?xml version="1.0" encoding="UTF-8" ?>
<!DOCTYPE struts PUBLIC
    "-//Apache Software Foundation//DTD Struts Configuration 2.0//EN"
    "http://struts.apache.org/dtds/struts-2.0.dtd">

<struts>

    <constant name="struts.enable.DynamicMethodInvocation" value="true" />
    <constant name="struts.devMode" value="true" />

    <package name="default" namespace="/" extends="struts-default">

        <action name="test" class="org.javaweb.codereview.action.TestAction">
            <result name="success">index.jsp</result>
        </action>

    </package>

</struts>


